{
  "train_loss": [
    1.8049334955215455,
    1.6019213700294495,
    1.530753136277199,
    1.4807554972171784,
    1.432415497303009,
    1.4070436263084412,
    1.3979237100481987,
    1.3696373844146728,
    1.3561708971858024,
    1.3328784862160683
  ],
  "train_acc": [
    31.986530172413794,
    42.255387931034484,
    45.442887931034484,
    48.19127155172414,
    49.869612068965516,
    50.475754310344826,
    51.361530172413794,
    53.307112068965516,
    51.805495689655174,
    53.505387931034484
  ],
  "valid_loss": [
    1.6416681385040284,
    1.684315686225891,
    1.4651196670532227,
    1.8711605548858643,
    1.4429640579223633,
    1.4220042276382445,
    1.4035474586486816,
    1.507069971561432,
    1.5983233737945557,
    1.3964511156082153
  ],
  "valid_acc": [
    40.5,
    39.0,
    49.0,
    34.375,
    51.0,
    49.375,
    50.5,
    46.125,
    44.625,
    53.125
  ]
}